{"mean": [21078.086633022773, 21025.268074769432, 363.4229666903778, 17.881525996432718, 0.0028049502685592942], "scale": [7510.330796002927, 7617.67678582089, 373.31649244664874, 237.0869284699976, 0.015935499817376002], "features": ["last_price", "mean_6m", "std_6m", "slope_6m", "pct_change"]}